video,r_obs,p_perm
friends1,0.4576442186983706,0.000999000999000999
friends2,0.5429385859595737,0.000999000999000999
friends3,0.5218860058129913,0.000999000999000999
