video,r_obs,p_perm
friends1,0.24137690432120756,0.004995004995004995
friends2,0.46081028388529954,0.006993006993006993
friends3,0.4715470993387693,0.003996003996003996
