ParticipantID,VideoName,BoundaryTime(s)
1,friends2.mp4,49.68063809908927
1,friends2.mp4,97.45203059911728
1,friends2.mp4,100.37099609896539
1,friends2.mp4,111.71342389844358
1,friends2.mp4,176.55480179935694
1,friends2.mp4,179.0901533998549
1,friends2.mp4,194.46922409906983
1,friends2.mp4,242.95021270029247
1,friends2.mp4,260.66428639926016
1,friends2.mp4,294.8081762995571
1,friends2.mp4,364.1337602995336
1,friends2.mp4,418.7604303006083
1,friends2.mp4,436.1083582006395
1,friends2.mp4,446.08226549997926
1,friends2.mp4,467.29905690066516
1,friends2.mp4,472.6538756992668
1,friends2.mp4,492.302831299603
1,friends2.mp4,509.1528878994286
1,friends2.mp4,559.8900990989059
1,friends2.mp4,564.3942332994193
1,friends2.mp4,584.9765849001706
1,friends2.mp4,589.2133012004197
1,friends2.mp4,620.1575726997107
1,friends2.mp4,703.5741329006851
1,friends2.mp4,713.866093499586
1,friends2.mp4,719.4910119008273
1,friends2.mp4,748.8811953999102
1,friends2.mp4,779.222071800381
1,friends2.mp4,781.5404599010944
1,friends2.mp4,851.2887772992253
1,friends2.mp4,854.1910014990717
1,friends2.mp4,877.7627721000463
1,friends2.mp4,882.5800820998847
1,friends2.mp4,885.1488642003387
1,friends2.mp4,904.0639012008905
1,friends2.mp4,937.0401275008917
1,friends2.mp4,1011.4230074994266
