ParticipantID,VideoName,BoundaryTime(s)
1,friends2.mp4,50.98865620046855
1,friends2.mp4,98.76004870049655
1,friends2.mp4,101.67901420034467
1,friends2.mp4,113.02144199982285
1,friends2.mp4,177.86281990073624
1,friends2.mp4,180.39817150123417
1,friends2.mp4,195.77724220044914
1,friends2.mp4,244.25823080167174
1,friends2.mp4,261.97230450063944
1,friends2.mp4,296.11619440093637
1,friends2.mp4,365.4417784009129
1,friends2.mp4,420.06844840198755
1,friends2.mp4,437.41637630201876
1,friends2.mp4,447.39028360135853
1,friends2.mp4,468.6070750020445
1,friends2.mp4,473.96189380064607
1,friends2.mp4,493.61084940098226
1,friends2.mp4,510.46090600080794
1,friends2.mp4,561.1981172002852
1,friends2.mp4,565.7022514007986
1,friends2.mp4,586.2846030015498
1,friends2.mp4,590.521319301799
1,friends2.mp4,621.46559080109
1,friends2.mp4,704.8821510020643
1,friends2.mp4,715.1741116009653
1,friends2.mp4,720.7990300022065
1,friends2.mp4,750.1892135012896
1,friends2.mp4,780.5300899017603
1,friends2.mp4,782.8484780024736
1,friends2.mp4,852.5967954006046
1,friends2.mp4,855.4990196004511
1,friends2.mp4,879.0707902014256
1,friends2.mp4,883.888100201264
1,friends2.mp4,886.456882301718
1,friends2.mp4,905.3719193022696
1,friends2.mp4,938.3481456022708
1,friends2.mp4,1012.7310256008059
