ParticipantID,VideoName,BoundaryTime(s)
1,friends3.mp4,15.184751700609924
1,friends3.mp4,19.97203210182488
1,friends3.mp4,46.19301480054857
1,friends3.mp4,53.59927430190146
1,friends3.mp4,71.26286170072854
1,friends3.mp4,115.89669250138105
1,friends3.mp4,129.10728890262544
1,friends3.mp4,166.90404720231888
1,friends3.mp4,203.11620160192254
1,friends3.mp4,222.0146943014115
1,friends3.mp4,230.90485550276935
1,friends3.mp4,235.6680075004697
1,friends3.mp4,292.16300830058753
1,friends3.mp4,379.4698396008461
1,friends3.mp4,407.10818870179355
1,friends3.mp4,436.4345277007669
1,friends3.mp4,532.5252909008414
1,friends3.mp4,601.2826751004906
1,friends3.mp4,604.5517752002926
1,friends3.mp4,712.4044721014799
1,friends3.mp4,831.5873871017247
1,friends3.mp4,835.290220202878
1,friends3.mp4,863.9723727013915
1,friends3.mp4,869.276342401281
1,friends3.mp4,892.8954405020924
1,friends3.mp4,1006.8763380013406
1,friends3.mp4,1026.8925129007548
1,friends3.mp4,1029.5443276017904
1,friends3.mp4,1092.1723564025015
1,friends3.mp4,1111.904791003093
1,friends3.mp4,1168.4998767022043
1,friends3.mp4,1250.7397178020328
1,friends3.mp4,1263.1327204015106
1,friends3.mp4,1293.0733824018387
