ParticipantID,VideoName,BoundaryTime(s)
3,friends1.mp4,55.5135458999537
3,friends1.mp4,103.9845458999537
3,friends1.mp4,150.08754589995368
3,friends1.mp4,208.8845458999537
3,friends1.mp4,218.9595458999537
3,friends1.mp4,246.63154589995372
3,friends1.mp4,285.0465458999537
3,friends1.mp4,297.8555458999537
3,friends1.mp4,309.7525458999537
3,friends1.mp4,334.43454589995366
3,friends1.mp4,337.95454589995364
3,friends1.mp4,348.4955458999537
3,friends1.mp4,376.8185458999537
3,friends1.mp4,379.8055458999537
3,friends1.mp4,404.62454589995366
3,friends1.mp4,417.8685458999537
3,friends1.mp4,430.7625458999537
3,friends1.mp4,453.1465458999537
3,friends1.mp4,496.51454589995365
3,friends1.mp4,505.2715458999537
3,friends1.mp4,522.6025458999537
3,friends1.mp4,540.4325458999537
3,friends1.mp4,580.5645458999537
3,friends1.mp4,614.7285458999537
3,friends1.mp4,624.9995458999537
3,friends1.mp4,667.2005458999537
3,friends1.mp4,674.4555458999537
3,friends1.mp4,702.3965458999536
3,friends1.mp4,727.4645458999537
3,friends1.mp4,784.4095458999536
3,friends1.mp4,837.4685458999537
3,friends1.mp4,863.3555458999538
3,friends1.mp4,893.8805458999537
3,friends1.mp4,899.9015458999536
3,friends1.mp4,925.8395458999537
3,friends1.mp4,928.2085458999537
3,friends1.mp4,972.8095458999537
3,friends1.mp4,995.1945458999537
3,friends1.mp4,1018.8135458999537
3,friends1.mp4,1043.8335458999538
3,friends1.mp4,1045.7045458999537
3,friends1.mp4,1061.2635458999537
3,friends1.mp4,1081.7135458999537
3,friends1.mp4,1094.9415458999536
3,friends1.mp4,1111.5705458999537
3,friends1.mp4,1115.6085458999537
3,friends1.mp4,1135.3565458999537
3,friends1.mp4,1141.2115458999535
3,friends1.mp4,1159.6255458999537
3,friends1.mp4,1177.1405458999536
3,friends1.mp4,1198.8735458999538
3,friends1.mp4,1211.4835458999537
3,friends1.mp4,1239.7395458999536
3,friends1.mp4,1292.6325458999536
3,friends1.mp4,1330.8955458999535
