ParticipantID,VideoName,BoundaryTime(s)
3,friends3.mp4,17.384545899953693
3,friends3.mp4,24.439545899953693
3,friends3.mp4,56.215545899953696
3,friends3.mp4,75.0635458999537
3,friends3.mp4,119.91654589995369
3,friends3.mp4,136.14554589995367
3,friends3.mp4,173.2415458999537
3,friends3.mp4,199.5795458999537
3,friends3.mp4,224.75654589995372
3,friends3.mp4,237.6095458999537
3,friends3.mp4,288.1825458999537
3,friends3.mp4,308.65054589995367
3,friends3.mp4,340.90854589995365
3,friends3.mp4,363.3605458999537
3,friends3.mp4,370.56554589995375
3,friends3.mp4,379.2725458999537
3,friends3.mp4,407.8115458999537
3,friends3.mp4,435.91754589995367
3,friends3.mp4,467.2585458999537
3,friends3.mp4,521.2525458999537
3,friends3.mp4,551.8765458999537
3,friends3.mp4,615.0095458999537
3,friends3.mp4,625.0685458999537
3,friends3.mp4,726.1985458999537
3,friends3.mp4,739.5095458999537
3,friends3.mp4,797.8905458999537
3,friends3.mp4,840.4565458999537
3,friends3.mp4,857.5375458999537
3,friends3.mp4,892.6645458999536
3,friends3.mp4,928.2755458999537
3,friends3.mp4,975.3305458999537
3,friends3.mp4,1047.5715458999537
3,friends3.mp4,1068.1875458999536
3,friends3.mp4,1125.4165458999537
3,friends3.mp4,1149.2015458999535
3,friends3.mp4,1170.9525458999537
3,friends3.mp4,1222.5445458999536
3,friends3.mp4,1233.6535458999538
3,friends3.mp4,1291.8825458999536
3,friends3.mp4,1306.8615458999536
